experiment,OR,OR_ci_lower,OR_ci_upper,p
1,0.82,0.28,2.35,0.790304698774965
2,0.91,0.31,2.68,0.9999999999999999
3,0.52,0.17,1.61,0.2824216981377136
4,1.18,0.41,3.37,0.7952805194819996
7,1.1,0.53,2.29,0.8532158692378357
