experiment,DV_type,mean_reference,mean_comaprison,t,df,p,cohens_d,cohens_d_ci_lower,cohens_d_ci_upper,bf10,reportable_result
7,IAT_D2_controlling_stimulus_identity,0.18896749388073825,0.2069445268380761,-0.34012144691101703,203.2968259511643,0.7341162351185138,-0.04708230676150244,-0.3198648970215588,0.22570028349855392,0.15913653341603956,"Reference group M = 0.19, comparison group M = 0.21, t(203.3) = -0.34, p = .7341, d = -0.05, 95% CI [-0.32, 0.23], BF10 = 0.2"
7,self_reported_IR_effect_controlling_stimulus_identity,-0.3976190476190476,1.3980582524271845,-3.912160926490049,203.1437209251448,1.2472831755998856e-4,-0.5430652484895601,-0.8214759070343229,-0.2646545899447972,167.61834184924186,"Reference group M = -0.4, comparison group M = 1.4, t(203.14) = -3.91, p = 1e-04, d = -0.54, 95% CI [-0.82, -0.26], BF10 = 167.6"
7,self_reported_OEC_effect_controlling_stimulus_identity,2.869047619047619,2.157766990291262,1.237523335702416,198.46385012679832,0.21735497576474422,0.17191338273952333,-0.10200811486708122,0.4458348803461279,0.31027564887028064,"Reference group M = 2.87, comparison group M = 2.16, t(198.46) = 1.24, p = .2174, d = 0.17, 95% CI [-0.1, 0.45], BF10 = 0.3"
