experiment,OR,OR_ci_lower,OR_ci_upper,p
1,2.6,0.6,11.31,0.2769429801228418
2,15.12,2.28,100.32,0.003228339390676187
3,40,3.56,450,5.750161356568678e-4
4,2.89,0.69,12.12,0.1728042430397702
5,26.67,4.64,153.22,5.480587189732615e-5
6,5.6,0.81,38.51,0.09907120743034065
7,2,0.69,5.76,0.29048881885025907
