experiment,OR,OR_ci_lower,OR_ci_upper,p
5,1.26,0.43,3.71,0.7863013029549601
6,0.78,0.26,2.34,0.7822113332892581
7,1.24,0.61,2.53,0.5903345301153363
